"cluster","OR","p","p_adj"
"C2",2.75201849143092,0.000127865802636986,0.000127865802636986
"C1",0.363369651444475,0.000127865802636986,0.000127865802636986
