"cluster","OR","p","p_adj"
"C2",2.85405087305469,6.24492681160321e-05,6.24492681160321e-05
"C1",0.327722329039997,2.3593974161531e-05,4.7187948323062e-05
