"Model","AUC","Coef","DeLong_p"
"RNA only",0.799,1.74807668966772,0.0329661961217292
"DNA only",0.768,1.24702150954132,0.0329661961217292
"Combined",0.799,NA,NA
